Churn_Probability,Risk,Tenure Months,Contract,Internet Service,Monthly Charges,Payment Method,Online Security,Tech Support,Dependents,Recommendation
92.72,Very High,1,Month-to-month,Fiber optic,95.1,Electronic check,No,No,No,Immediate retention call | New-customer onboarding support | Review pricing / offer suitable plan | Encourage automatic payment | Offer technical support | Offer online security service | Offer longer-term contract
92.06,Very High,1,Month-to-month,Fiber optic,102.45,Electronic check,Yes,No,No,Immediate retention call | New-customer onboarding support | Review pricing / offer suitable plan | Encourage automatic payment | Offer technical support | Offer longer-term contract
90.91,Very High,1,Month-to-month,Fiber optic,95.45,Electronic check,No,No,No,Immediate retention call | New-customer onboarding support | Review pricing / offer suitable plan | Encourage automatic payment | Offer technical support | Offer online security service | Offer longer-term contract
88.21,Very High,1,Month-to-month,Fiber optic,89.55,Electronic check,No,No,No,Immediate retention call | New-customer onboarding support | Review pricing / offer suitable plan | Encourage automatic payment | Offer technical support | Offer online security service | Offer longer-term contract
88.1,Very High,1,Month-to-month,Fiber optic,74.5,Electronic check,No,No,No,Immediate retention call | New-customer onboarding support | Review pricing / offer suitable plan | Encourage automatic payment | Offer technical support | Offer online security service | Offer longer-term contract
87.53,Very High,7,Month-to-month,Fiber optic,101.95,Electronic check,No,No,No,Immediate retention call | Review pricing / offer suitable plan | Encourage automatic payment | Offer technical support | Offer online security service | Offer longer-term contract
87.53,Very High,7,Month-to-month,Fiber optic,99.25,Electronic check,No,No,No,Immediate retention call | Review pricing / offer suitable plan | Encourage automatic payment | Offer technical support | Offer online security service | Offer longer-term contract
87.28,Very High,6,Month-to-month,Fiber optic,105.3,Electronic check,No,No,No,Immediate retention call | New-customer onboarding support | Review pricing / offer suitable plan | Encourage automatic payment | Offer technical support | Offer online security service | Offer longer-term contract
87.05,Very High,3,Month-to-month,Fiber optic,105.9,Electronic check,No,No,No,Immediate retention call | New-customer onboarding support | Review pricing / offer suitable plan | Encourage automatic payment | Offer technical support | Offer online security service | Offer longer-term contract
86.86,Very High,1,Month-to-month,Fiber optic,76.45,Electronic check,No,No,No,Immediate retention call | New-customer onboarding support | Review pricing / offer suitable plan | Encourage automatic payment | Offer technical support | Offer online security service | Offer longer-term contract
86.77,Very High,1,Month-to-month,Fiber optic,90.85,Credit card (automatic),No,No,No,Immediate retention call | New-customer onboarding support | Review pricing / offer suitable plan | Offer technical support | Offer online security service | Offer longer-term contract
86.77,Very High,1,Month-to-month,Fiber optic,85.05,Electronic check,No,No,No,Immediate retention call | New-customer onboarding support | Review pricing / offer suitable plan | Encourage automatic payment | Offer technical support | Offer online security service | Offer longer-term contract
86.57,Very High,1,Month-to-month,Fiber optic,88.35,Electronic check,No,No,No,Immediate retention call | New-customer onboarding support | Review pricing / offer suitable plan | Encourage automatic payment | Offer technical support | Offer online security service | Offer longer-term contract
85.77,Very High,3,Month-to-month,Fiber optic,100.95,Electronic check,No,No,No,Immediate retention call | New-customer onboarding support | Review pricing / offer suitable plan | Encourage automatic payment | Offer technical support | Offer online security service | Offer longer-term contract
85.5,Very High,1,Month-to-month,Fiber optic,79.5,Electronic check,No,No,No,Immediate retention call | New-customer onboarding support | Review pricing / offer suitable plan | Encourage automatic payment | Offer technical support | Offer online security service | Offer longer-term contract
85.49,Very High,1,Month-to-month,Fiber optic,69.25,Electronic check,No,No,No,Immediate retention call | New-customer onboarding support | Encourage automatic payment | Offer technical support | Offer online security service | Offer longer-term contract
85.46,Very High,1,Month-to-month,Fiber optic,85.0,Electronic check,No,No,No,Immediate retention call | New-customer onboarding support | Review pricing / offer suitable plan | Encourage automatic payment | Offer technical support | Offer online security service | Offer longer-term contract
85.19,Very High,1,Month-to-month,Fiber optic,71.0,Electronic check,No,No,No,Immediate retention call | New-customer onboarding support | Review pricing / offer suitable plan | Encourage automatic payment | Offer technical support | Offer online security service | Offer longer-term contract
84.68,Very High,1,Month-to-month,Fiber optic,79.35,Bank transfer (automatic),No,No,No,Immediate retention call | New-customer onboarding support | Review pricing / offer suitable plan | Offer technical support | Offer online security service | Offer longer-term contract
84.65,Very High,1,Month-to-month,Fiber optic,77.15,Electronic check,No,No,No,Immediate retention call | New-customer onboarding support | Review pricing / offer suitable plan | Encourage automatic payment | Offer technical support | Offer online security service | Offer longer-term contract
84.02,Very High,2,Month-to-month,Fiber optic,91.45,Electronic check,No,No,No,Immediate retention call | New-customer onboarding support | Review pricing / offer suitable plan | Encourage automatic payment | Offer technical support | Offer online security service | Offer longer-term contract
83.94,Very High,1,Month-to-month,Fiber optic,95.65,Mailed check,No,No,No,Immediate retention call | New-customer onboarding support | Review pricing / offer suitable plan | Offer technical support | Offer online security service | Offer longer-term contract
83.55,Very High,1,Month-to-month,Fiber optic,85.0,Electronic check,No,No,No,Immediate retention call | New-customer onboarding support | Review pricing / offer suitable plan | Encourage automatic payment | Offer technical support | Offer online security service | Offer longer-term contract
83.42,Very High,1,Month-to-month,Fiber optic,84.85,Electronic check,No,No,No,Immediate retention call | New-customer onboarding support | Review pricing / offer suitable plan | Encourage automatic payment | Offer technical support | Offer online security service | Offer longer-term contract
83.14,Very High,6,Month-to-month,Fiber optic,90.75,Electronic check,No,No,No,Immediate retention call | New-customer onboarding support | Review pricing / offer suitable plan | Encourage automatic payment | Offer technical support | Offer online security service | Offer longer-term contract
83.05,Very High,1,Month-to-month,Fiber optic,74.5,Electronic check,No,No,No,Immediate retention call | New-customer onboarding support | Review pricing / offer suitable plan | Encourage automatic payment | Offer technical support | Offer online security service | Offer longer-term contract
83.04,Very High,1,Month-to-month,Fiber optic,75.7,Electronic check,No,No,No,Immediate retention call | New-customer onboarding support | Review pricing / offer suitable plan | Encourage automatic payment | Offer technical support | Offer online security service | Offer longer-term contract
82.76,Very High,1,Month-to-month,Fiber optic,69.6,Electronic check,No,No,No,Immediate retention call | New-customer onboarding support | Encourage automatic payment | Offer technical support | Offer online security service | Offer longer-term contract
82.55,Very High,1,Month-to-month,Fiber optic,71.0,Electronic check,No,No,No,Immediate retention call | New-customer onboarding support | Review pricing / offer suitable plan | Encourage automatic payment | Offer technical support | Offer online security service | Offer longer-term contract
82.5,Very High,1,Month-to-month,Fiber optic,70.0,Electronic check,No,No,No,Immediate retention call | New-customer onboarding support | Review pricing / offer suitable plan | Encourage automatic payment | Offer technical support | Offer online security service | Offer longer-term contract
82.41,Very High,1,Month-to-month,Fiber optic,69.9,Electronic check,No,No,No,Immediate retention call | New-customer onboarding support | Encourage automatic payment | Offer technical support | Offer online security service | Offer longer-term contract
82.41,Very High,1,Month-to-month,Fiber optic,69.9,Electronic check,No,No,No,Immediate retention call | New-customer onboarding support | Encourage automatic payment | Offer technical support | Offer online security service | Offer longer-term contract
82.39,Very High,3,Month-to-month,Fiber optic,96.6,Electronic check,No,No,No,Immediate retention call | New-customer onboarding support | Review pricing / offer suitable plan | Encourage automatic payment | Offer technical support | Offer online security service | Offer longer-term contract
82.25,Very High,1,Month-to-month,Fiber optic,78.8,Electronic check,No,No,No,Immediate retention call | New-customer onboarding support | Review pricing / offer suitable plan | Encourage automatic payment | Offer technical support | Offer online security service | Offer longer-term contract
82.23,Very High,1,Month-to-month,Fiber optic,70.25,Electronic check,No,No,No,Immediate retention call | New-customer onboarding support | Review pricing / offer suitable plan | Encourage automatic payment | Offer technical support | Offer online security service | Offer longer-term contract
82.23,Very High,1,Month-to-month,Fiber optic,70.6,Electronic check,No,No,No,Immediate retention call | New-customer onboarding support | Review pricing / offer suitable plan | Encourage automatic payment | Offer technical support | Offer online security service | Offer longer-term contract
82.19,Very High,1,Month-to-month,Fiber optic,69.1,Electronic check,No,No,No,Immediate retention call | New-customer onboarding support | Encourage automatic payment | Offer technical support | Offer online security service | Offer longer-term contract
82.05,Very High,1,Month-to-month,Fiber optic,80.05,Mailed check,No,No,No,Immediate retention call | New-customer onboarding support | Review pricing / offer suitable plan | Offer technical support | Offer online security service | Offer longer-term contract
81.78,Very High,1,Month-to-month,Fiber optic,85.55,Credit card (automatic),No,No,No,Immediate retention call | New-customer onboarding support | Review pricing / offer suitable plan | Offer technical support | Offer online security service | Offer longer-term contract
81.67,Very High,1,Month-to-month,Fiber optic,74.25,Mailed check,No,No,No,Immediate retention call | New-customer onboarding support | Review pricing / offer suitable plan | Offer technical support | Offer online security service | Offer longer-term contract
81.07,Very High,1,Month-to-month,Fiber optic,74.3,Electronic check,No,No,No,Immediate retention call | New-customer onboarding support | Review pricing / offer suitable plan | Encourage automatic payment | Offer technical support | Offer online security service | Offer longer-term contract
80.88,Very High,4,Month-to-month,Fiber optic,83.25,Electronic check,No,No,No,Immediate retention call | New-customer onboarding support | Review pricing / offer suitable plan | Encourage automatic payment | Offer technical support | Offer online security service | Offer longer-term contract
80.83,Very High,7,Month-to-month,Fiber optic,94.1,Electronic check,No,No,No,Immediate retention call | Review pricing / offer suitable plan | Encourage automatic payment | Offer technical support | Offer online security service | Offer longer-term contract
80.7,Very High,1,Month-to-month,Fiber optic,79.15,Mailed check,No,No,No,Immediate retention call | New-customer onboarding support | Review pricing / offer suitable plan | Offer technical support | Offer online security service | Offer longer-term contract
80.18,Very High,3,Month-to-month,Fiber optic,105.35,Bank transfer (automatic),No,No,No,Immediate retention call | New-customer onboarding support | Review pricing / offer suitable plan | Offer technical support | Offer online security service | Offer longer-term contract
79.97,High,7,Month-to-month,Fiber optic,98.05,Bank transfer (automatic),No,No,No,Targeted retention offer | Review pricing / offer suitable plan | Offer technical support | Offer online security service | Offer longer-term contract
79.92,High,1,Month-to-month,Fiber optic,80.0,Electronic check,No,No,No,Targeted retention offer | New-customer onboarding support | Review pricing / offer suitable plan | Encourage automatic payment | Offer technical support | Offer online security service | Offer longer-term contract
79.79,High,10,Month-to-month,Fiber optic,85.6,Electronic check,No,No,No,Targeted retention offer | Review pricing / offer suitable plan | Encourage automatic payment | Offer technical support | Offer online security service | Offer longer-term contract
79.64,High,10,Month-to-month,Fiber optic,94.9,Electronic check,No,No,No,Targeted retention offer | Review pricing / offer suitable plan | Encourage automatic payment | Offer technical support | Offer online security service | Offer longer-term contract
79.47,High,1,Month-to-month,Fiber optic,69.55,Electronic check,No,No,No,Targeted retention offer | New-customer onboarding support | Encourage automatic payment | Offer technical support | Offer online security service | Offer longer-term contract
79.14,High,1,Month-to-month,Fiber optic,71.65,Electronic check,No,No,No,Targeted retention offer | New-customer onboarding support | Review pricing / offer suitable plan | Encourage automatic payment | Offer technical support | Offer online security service | Offer longer-term contract
78.59,High,2,Month-to-month,Fiber optic,94.2,Bank transfer (automatic),No,No,No,Targeted retention offer | New-customer onboarding support | Review pricing / offer suitable plan | Offer technical support | Offer online security service | Offer longer-term contract
78.39,High,9,Month-to-month,Fiber optic,90.1,Electronic check,No,No,No,Targeted retention offer | Review pricing / offer suitable plan | Encourage automatic payment | Offer technical support | Offer online security service | Offer longer-term contract
78.39,High,9,Month-to-month,Fiber optic,99.3,Credit card (automatic),No,No,No,Targeted retention offer | Review pricing / offer suitable plan | Offer technical support | Offer online security service | Offer longer-term contract
78.21,High,2,Month-to-month,Fiber optic,84.05,Electronic check,No,No,No,Targeted retention offer | New-customer onboarding support | Review pricing / offer suitable plan | Encourage automatic payment | Offer technical support | Offer online security service | Offer longer-term contract
78.06,High,2,Month-to-month,Fiber optic,90.4,Electronic check,No,No,No,Targeted retention offer | New-customer onboarding support | Review pricing / offer suitable plan | Encourage automatic payment | Offer technical support | Offer online security service | Offer longer-term contract
77.32,High,2,Month-to-month,Fiber optic,85.7,Electronic check,No,No,No,Targeted retention offer | New-customer onboarding support | Review pricing / offer suitable plan | Encourage automatic payment | Offer technical support | Offer online security service | Offer longer-term contract
77.21,High,5,Month-to-month,Fiber optic,84.0,Electronic check,No,No,No,Targeted retention offer | New-customer onboarding support | Review pricing / offer suitable plan | Encourage automatic payment | Offer technical support | Offer online security service | Offer longer-term contract
77.16,High,4,Month-to-month,Fiber optic,89.2,Electronic check,No,No,No,Targeted retention offer | New-customer onboarding support | Review pricing / offer suitable plan | Encourage automatic payment | Offer technical support | Offer online security service | Offer longer-term contract
77.03,High,1,Month-to-month,DSL,24.8,Electronic check,No,No,No,Targeted retention offer | New-customer onboarding support | Encourage automatic payment | Offer technical support | Offer online security service | Offer longer-term contract
77.02,High,3,Month-to-month,Fiber optic,75.85,Electronic check,No,No,No,Targeted retention offer | New-customer onboarding support | Review pricing / offer suitable plan | Encourage automatic payment | Offer technical support | Offer online security service | Offer longer-term contract
76.93,High,14,Month-to-month,Fiber optic,104.85,Electronic check,No,No,No,Targeted retention offer | Review pricing / offer suitable plan | Encourage automatic payment | Offer technical support | Offer online security service | Offer longer-term contract
76.93,High,12,Month-to-month,Fiber optic,106.7,Electronic check,No,No,No,Targeted retention offer | Review pricing / offer suitable plan | Encourage automatic payment | Offer technical support | Offer online security service | Offer longer-term contract
76.81,High,1,Month-to-month,Fiber optic,76.35,Electronic check,No,No,No,Targeted retention offer | New-customer onboarding support | Review pricing / offer suitable plan | Encourage automatic payment | Offer technical support | Offer online security service | Offer longer-term contract
76.71,High,3,Month-to-month,Fiber optic,85.3,Electronic check,No,No,No,Targeted retention offer | New-customer onboarding support | Review pricing / offer suitable plan | Encourage automatic payment | Offer technical support | Offer online security service | Offer longer-term contract
76.64,High,12,Month-to-month,Fiber optic,94.55,Electronic check,No,No,No,Targeted retention offer | Review pricing / offer suitable plan | Encourage automatic payment | Offer technical support | Offer online security service | Offer longer-term contract
76.57,High,1,Month-to-month,Fiber optic,80.5,Electronic check,No,No,No,Targeted retention offer | New-customer onboarding support | Review pricing / offer suitable plan | Encourage automatic payment | Offer technical support | Offer online security service | Offer longer-term contract
76.51,High,2,Month-to-month,Fiber optic,94.2,Electronic check,No,Yes,No,Targeted retention offer | New-customer onboarding support | Review pricing / offer suitable plan | Encourage automatic payment | Offer online security service | Offer longer-term contract
76.19,High,3,Month-to-month,Fiber optic,89.45,Electronic check,No,No,No,Targeted retention offer | New-customer onboarding support | Review pricing / offer suitable plan | Encourage automatic payment | Offer technical support | Offer online security service | Offer longer-term contract
76.12,High,8,Month-to-month,Fiber optic,100.15,Credit card (automatic),No,Yes,No,Targeted retention offer | Review pricing / offer suitable plan | Offer online security service | Offer longer-term contract
76.04,High,24,Month-to-month,Fiber optic,104.25,Electronic check,No,No,No,Targeted retention offer | Review pricing / offer suitable plan | Encourage automatic payment | Offer technical support | Offer online security service | Offer longer-term contract
76.01,High,4,Month-to-month,Fiber optic,84.6,Electronic check,No,No,No,Targeted retention offer | New-customer onboarding support | Review pricing / offer suitable plan | Encourage automatic payment | Offer technical support | Offer online security service | Offer longer-term contract
75.38,High,4,Month-to-month,Fiber optic,80.35,Electronic check,No,No,No,Targeted retention offer | New-customer onboarding support | Review pricing / offer suitable plan | Encourage automatic payment | Offer technical support | Offer online security service | Offer longer-term contract
75.33,High,8,Month-to-month,Fiber optic,87.05,Electronic check,No,No,No,Targeted retention offer | Review pricing / offer suitable plan | Encourage automatic payment | Offer technical support | Offer online security service | Offer longer-term contract
75.14,High,1,Month-to-month,Fiber optic,69.5,Bank transfer (automatic),No,No,No,Targeted retention offer | New-customer onboarding support | Offer technical support | Offer online security service | Offer longer-term contract
74.29,High,13,Month-to-month,Fiber optic,102.25,Credit card (automatic),No,No,No,Targeted retention offer | Review pricing / offer suitable plan | Offer technical support | Offer online security service | Offer longer-term contract
74.17,High,7,Month-to-month,Fiber optic,75.4,Electronic check,No,No,No,Targeted retention offer | Review pricing / offer suitable plan | Encourage automatic payment | Offer technical support | Offer online security service | Offer longer-term contract
74.06,High,4,Month-to-month,Fiber optic,99.8,Credit card (automatic),No,No,No,Targeted retention offer | New-customer onboarding support | Review pricing / offer suitable plan | Offer technical support | Offer online security service | Offer longer-term contract
73.99,High,4,Month-to-month,Fiber optic,93.5,Electronic check,No,Yes,No,Targeted retention offer | New-customer onboarding support | Review pricing / offer suitable plan | Encourage automatic payment | Offer online security service | Offer longer-term contract
73.7,High,7,Month-to-month,Fiber optic,74.85,Electronic check,No,No,No,Targeted retention offer | Review pricing / offer suitable plan | Encourage automatic payment | Offer technical support | Offer online security service | Offer longer-term contract
73.67,High,10,Month-to-month,Fiber optic,110.1,Electronic check,Yes,Yes,No,Targeted retention offer | Review pricing / offer suitable plan | Encourage automatic payment | Offer longer-term contract
73.54,High,16,Month-to-month,Fiber optic,96.4,Electronic check,No,No,No,Targeted retention offer | Review pricing / offer suitable plan | Encourage automatic payment | Offer technical support | Offer online security service | Offer longer-term contract
73.45,High,1,Month-to-month,DSL,25.2,Electronic check,No,No,No,Targeted retention offer | New-customer onboarding support | Encourage automatic payment | Offer technical support | Offer online security service | Offer longer-term contract
73.14,High,9,Month-to-month,Fiber optic,79.75,Electronic check,No,No,No,Targeted retention offer | Review pricing / offer suitable plan | Encourage automatic payment | Offer technical support | Offer online security service | Offer longer-term contract
73.02,High,1,Month-to-month,DSL,35.55,Electronic check,No,No,No,Targeted retention offer | New-customer onboarding support | Encourage automatic payment | Offer technical support | Offer online security service | Offer longer-term contract
72.84,High,2,Month-to-month,Fiber optic,79.6,Electronic check,No,No,No,Targeted retention offer | New-customer onboarding support | Review pricing / offer suitable plan | Encourage automatic payment | Offer technical support | Offer online security service | Offer longer-term contract
72.72,High,2,Month-to-month,Fiber optic,75.55,Electronic check,No,No,No,Targeted retention offer | New-customer onboarding support | Review pricing / offer suitable plan | Encourage automatic payment | Offer technical support | Offer online security service | Offer longer-term contract
72.6,High,4,Month-to-month,Fiber optic,76.05,Electronic check,No,No,No,Targeted retention offer | New-customer onboarding support | Review pricing / offer suitable plan | Encourage automatic payment | Offer technical support | Offer online security service | Offer longer-term contract
72.59,High,2,Month-to-month,Fiber optic,80.95,Electronic check,No,No,No,Targeted retention offer | New-customer onboarding support | Review pricing / offer suitable plan | Encourage automatic payment | Offer technical support | Offer online security service | Offer longer-term contract
72.17,High,3,Month-to-month,Fiber optic,77.0,Electronic check,No,No,No,Targeted retention offer | New-customer onboarding support | Review pricing / offer suitable plan | Encourage automatic payment | Offer technical support | Offer online security service | Offer longer-term contract
71.97,High,5,Month-to-month,Fiber optic,84.5,Electronic check,Yes,No,No,Targeted retention offer | New-customer onboarding support | Review pricing / offer suitable plan | Encourage automatic payment | Offer technical support | Offer longer-term contract
71.86,High,1,Month-to-month,DSL,59.85,Electronic check,No,No,No,Targeted retention offer | New-customer onboarding support | Encourage automatic payment | Offer technical support | Offer online security service | Offer longer-term contract
71.86,High,1,Month-to-month,Fiber optic,75.3,Electronic check,No,No,No,Targeted retention offer | New-customer onboarding support | Review pricing / offer suitable plan | Encourage automatic payment | Offer technical support | Offer online security service | Offer longer-term contract
71.85,High,34,Month-to-month,Fiber optic,100.05,Electronic check,No,No,No,Targeted retention offer | Review pricing / offer suitable plan | Encourage automatic payment | Offer technical support | Offer online security service | Offer longer-term contract
71.6,High,7,Month-to-month,Fiber optic,89.15,Electronic check,No,No,No,Targeted retention offer | Review pricing / offer suitable plan | Encourage automatic payment | Offer technical support | Offer online security service | Offer longer-term contract
71.6,High,11,Month-to-month,Fiber optic,74.35,Electronic check,No,No,No,Targeted retention offer | Review pricing / offer suitable plan | Encourage automatic payment | Offer technical support | Offer online security service | Offer longer-term contract
71.3,High,3,Month-to-month,Fiber optic,74.95,Electronic check,No,No,No,Targeted retention offer | New-customer onboarding support | Review pricing / offer suitable plan | Encourage automatic payment | Offer technical support | Offer online security service | Offer longer-term contract
71.3,High,4,Month-to-month,Fiber optic,74.35,Electronic check,No,No,No,Targeted retention offer | New-customer onboarding support | Review pricing / offer suitable plan | Encourage automatic payment | Offer technical support | Offer online security service | Offer longer-term contract
71.3,High,6,Month-to-month,Fiber optic,74.9,Electronic check,No,No,No,Targeted retention offer | New-customer onboarding support | Review pricing / offer suitable plan | Encourage automatic payment | Offer technical support | Offer online security service | Offer longer-term contract
71.25,High,11,Month-to-month,Fiber optic,95.15,Bank transfer (automatic),No,No,No,Targeted retention offer | Review pricing / offer suitable plan | Offer technical support | Offer online security service | Offer longer-term contract
71.24,High,3,Month-to-month,Fiber optic,75.5,Electronic check,No,No,No,Targeted retention offer | New-customer onboarding support | Review pricing / offer suitable plan | Encourage automatic payment | Offer technical support | Offer online security service | Offer longer-term contract
70.74,High,6,Month-to-month,Fiber optic,84.4,Electronic check,No,No,No,Targeted retention offer | New-customer onboarding support | Review pricing / offer suitable plan | Encourage automatic payment | Offer technical support | Offer online security service | Offer longer-term contract
70.62,High,7,Month-to-month,Fiber optic,89.75,Electronic check,No,Yes,No,Targeted retention offer | Review pricing / offer suitable plan | Encourage automatic payment | Offer online security service | Offer longer-term contract
70.45,High,1,Month-to-month,Fiber optic,73.5,Bank transfer (automatic),No,No,No,Targeted retention offer | New-customer onboarding support | Review pricing / offer suitable plan | Offer technical support | Offer online security service | Offer longer-term contract
70.38,High,46,Month-to-month,Fiber optic,98.85,Electronic check,No,No,No,Targeted retention offer | Review pricing / offer suitable plan | Encourage automatic payment | Offer technical support | Offer online security service | Offer longer-term contract
70.36,High,8,Month-to-month,Fiber optic,75.75,Electronic check,No,No,No,Targeted retention offer | Review pricing / offer suitable plan | Encourage automatic payment | Offer technical support | Offer online security service | Offer longer-term contract
70.3,High,9,Month-to-month,Fiber optic,75.85,Electronic check,No,No,No,Targeted retention offer | Review pricing / offer suitable plan | Encourage automatic payment | Offer technical support | Offer online security service | Offer longer-term contract
70.23,High,4,Month-to-month,Fiber optic,79.9,Electronic check,No,No,No,Targeted retention offer | New-customer onboarding support | Review pricing / offer suitable plan | Encourage automatic payment | Offer technical support | Offer online security service | Offer longer-term contract
70.03,High,4,Month-to-month,Fiber optic,74.4,Mailed check,No,No,No,Targeted retention offer | New-customer onboarding support | Review pricing / offer suitable plan | Offer technical support | Offer online security service | Offer longer-term contract
69.89,High,4,Month-to-month,Fiber optic,79.0,Electronic check,No,No,No,Targeted retention offer | New-customer onboarding support | Review pricing / offer suitable plan | Encourage automatic payment | Offer technical support | Offer online security service | Offer longer-term contract
69.58,High,15,Month-to-month,Fiber optic,79.4,Electronic check,No,No,No,Targeted retention offer | Review pricing / offer suitable plan | Encourage automatic payment | Offer technical support | Offer online security service | Offer longer-term contract
69.36,High,20,Month-to-month,Fiber optic,90.2,Electronic check,No,No,No,Targeted retention offer | Review pricing / offer suitable plan | Encourage automatic payment | Offer technical support | Offer online security service | Offer longer-term contract
69.35,High,8,Month-to-month,Fiber optic,74.85,Electronic check,No,No,No,Targeted retention offer | Review pricing / offer suitable plan | Encourage automatic payment | Offer technical support | Offer online security service | Offer longer-term contract
69.35,High,8,Month-to-month,Fiber optic,73.5,Electronic check,No,No,No,Targeted retention offer | Review pricing / offer suitable plan | Encourage automatic payment | Offer technical support | Offer online security service | Offer longer-term contract
69.32,High,11,Month-to-month,Fiber optic,111.4,Electronic check,No,Yes,No,Targeted retention offer | Review pricing / offer suitable plan | Encourage automatic payment | Offer online security service | Offer longer-term contract
69.02,High,21,Month-to-month,Fiber optic,86.5,Electronic check,No,No,No,Targeted retention offer | Review pricing / offer suitable plan | Encourage automatic payment | Offer technical support | Offer online security service | Offer longer-term contract
68.89,High,8,Month-to-month,Fiber optic,75.25,Electronic check,No,No,No,Targeted retention offer | Review pricing / offer suitable plan | Encourage automatic payment | Offer technical support | Offer online security service | Offer longer-term contract
68.56,High,8,Month-to-month,Fiber optic,95.65,Bank transfer (automatic),No,No,No,Targeted retention offer | Review pricing / offer suitable plan | Offer technical support | Offer online security service | Offer longer-term contract
68.44,High,14,Month-to-month,Fiber optic,74.95,Electronic check,No,No,No,Targeted retention offer | Review pricing / offer suitable plan | Encourage automatic payment | Offer technical support | Offer online security service | Offer longer-term contract
68.31,High,2,Month-to-month,Fiber optic,75.8,Electronic check,No,No,No,Targeted retention offer | New-customer onboarding support | Review pricing / offer suitable plan | Encourage automatic payment | Offer technical support | Offer online security service | Offer longer-term contract
68.27,High,9,Month-to-month,Fiber optic,80.8,Electronic check,No,No,No,Targeted retention offer | Review pricing / offer suitable plan | Encourage automatic payment | Offer technical support | Offer online security service | Offer longer-term contract
68.2,High,22,Month-to-month,Fiber optic,104.6,Electronic check,Yes,Yes,No,Targeted retention offer | Review pricing / offer suitable plan | Encourage automatic payment | Offer longer-term contract
68.12,High,9,Month-to-month,Fiber optic,84.4,Credit card (automatic),No,No,No,Targeted retention offer | Review pricing / offer suitable plan | Offer technical support | Offer online security service | Offer longer-term contract
67.85,High,2,Month-to-month,Fiber optic,74.85,Mailed check,No,No,No,Targeted retention offer | New-customer onboarding support | Review pricing / offer suitable plan | Offer technical support | Offer online security service | Offer longer-term contract
67.81,High,14,Month-to-month,Fiber optic,95.6,Electronic check,No,No,No,Targeted retention offer | Review pricing / offer suitable plan | Encourage automatic payment | Offer technical support | Offer online security service | Offer longer-term contract
67.78,High,4,Month-to-month,Fiber optic,90.4,Electronic check,No,Yes,No,Targeted retention offer | New-customer onboarding support | Review pricing / offer suitable plan | Encourage automatic payment | Offer online security service | Offer longer-term contract
67.66,High,14,Month-to-month,Fiber optic,87.25,Electronic check,No,No,No,Targeted retention offer | Review pricing / offer suitable plan | Encourage automatic payment | Offer technical support | Offer online security service | Offer longer-term contract
67.34,High,7,Month-to-month,Fiber optic,74.4,Mailed check,No,No,No,Targeted retention offer | Review pricing / offer suitable plan | Offer technical support | Offer online security service | Offer longer-term contract
66.9,High,2,Month-to-month,Fiber optic,70.95,Electronic check,No,No,No,Targeted retention offer | New-customer onboarding support | Review pricing / offer suitable plan | Encourage automatic payment | Offer technical support | Offer online security service | Offer longer-term contract
66.86,High,2,Month-to-month,Fiber optic,70.65,Electronic check,No,No,No,Targeted retention offer | New-customer onboarding support | Review pricing / offer suitable plan | Encourage automatic payment | Offer technical support | Offer online security service | Offer longer-term contract
66.76,High,2,Month-to-month,Fiber optic,70.3,Electronic check,No,No,No,Targeted retention offer | New-customer onboarding support | Review pricing / offer suitable plan | Encourage automatic payment | Offer technical support | Offer online security service | Offer longer-term contract
66.73,High,2,Month-to-month,Fiber optic,74.9,Mailed check,No,No,No,Targeted retention offer | New-customer onboarding support | Review pricing / offer suitable plan | Offer technical support | Offer online security service | Offer longer-term contract
66.69,High,2,Month-to-month,DSL,35.1,Electronic check,No,No,No,Targeted retention offer | New-customer onboarding support | Encourage automatic payment | Offer technical support | Offer online security service | Offer longer-term contract
66.53,High,4,Month-to-month,Fiber optic,90.65,Electronic check,Yes,No,No,Targeted retention offer | New-customer onboarding support | Review pricing / offer suitable plan | Encourage automatic payment | Offer technical support | Offer longer-term contract
66.35,High,2,Month-to-month,Fiber optic,74.7,Electronic check,No,No,No,Targeted retention offer | New-customer onboarding support | Review pricing / offer suitable plan | Encourage automatic payment | Offer technical support | Offer online security service | Offer longer-term contract
66.26,High,3,Month-to-month,Fiber optic,90.4,Electronic check,No,No,No,Targeted retention offer | New-customer onboarding support | Review pricing / offer suitable plan | Encourage automatic payment | Offer technical support | Offer online security service | Offer longer-term contract
65.85,High,4,One year,Fiber optic,105.65,Electronic check,No,Yes,No,Targeted retention offer | New-customer onboarding support | Review pricing / offer suitable plan | Encourage automatic payment | Offer online security service
65.77,High,22,Month-to-month,Fiber optic,95.1,Electronic check,No,No,No,Targeted retention offer | Review pricing / offer suitable plan | Encourage automatic payment | Offer technical support | Offer online security service | Offer longer-term contract
65.28,High,2,Month-to-month,Fiber optic,67.75,Electronic check,No,No,No,Targeted retention offer | New-customer onboarding support | Encourage automatic payment | Offer technical support | Offer online security service | Offer longer-term contract
65.26,High,26,Month-to-month,Fiber optic,98.35,Electronic check,No,No,No,Targeted retention offer | Review pricing / offer suitable plan | Encourage automatic payment | Offer technical support | Offer online security service | Offer longer-term contract
65.13,High,21,Month-to-month,Fiber optic,102.8,Electronic check,No,Yes,No,Targeted retention offer | Review pricing / offer suitable plan | Encourage automatic payment | Offer online security service | Offer longer-term contract
65.1,High,17,Month-to-month,Fiber optic,100.45,Credit card (automatic),No,No,No,Targeted retention offer | Review pricing / offer suitable plan | Offer technical support | Offer online security service | Offer longer-term contract
64.94,High,3,Month-to-month,Fiber optic,75.05,Credit card (automatic),No,No,No,Targeted retention offer | New-customer onboarding support | Review pricing / offer suitable plan | Offer technical support | Offer online security service | Offer longer-term contract
64.72,High,6,Month-to-month,Fiber optic,87.95,Bank transfer (automatic),No,Yes,No,Targeted retention offer | New-customer onboarding support | Review pricing / offer suitable plan | Offer online security service | Offer longer-term contract
64.64,High,4,Month-to-month,Fiber optic,73.9,Electronic check,No,No,No,Targeted retention offer | New-customer onboarding support | Review pricing / offer suitable plan | Encourage automatic payment | Offer technical support | Offer online security service | Offer longer-term contract
64.54,High,4,Month-to-month,DSL,44.55,Electronic check,No,No,No,Targeted retention offer | New-customer onboarding support | Encourage automatic payment | Offer technical support | Offer online security service | Offer longer-term contract
64.49,High,1,Month-to-month,DSL,24.6,Electronic check,No,No,No,Targeted retention offer | New-customer onboarding support | Encourage automatic payment | Offer technical support | Offer online security service | Offer longer-term contract
64.42,High,2,Month-to-month,Fiber optic,79.0,Electronic check,No,No,No,Targeted retention offer | New-customer onboarding support | Review pricing / offer suitable plan | Encourage automatic payment | Offer technical support | Offer online security service | Offer longer-term contract
64.39,High,10,One year,Fiber optic,98.9,Electronic check,Yes,No,No,Targeted retention offer | Review pricing / offer suitable plan | Encourage automatic payment | Offer technical support
64.36,High,13,Month-to-month,Fiber optic,80.85,Electronic check,No,No,No,Targeted retention offer | Review pricing / offer suitable plan | Encourage automatic payment | Offer technical support | Offer online security service | Offer longer-term contract
64.35,High,13,Month-to-month,Fiber optic,89.4,Electronic check,No,Yes,No,Targeted retention offer | Review pricing / offer suitable plan | Encourage automatic payment | Offer online security service | Offer longer-term contract
64.33,High,1,Month-to-month,DSL,50.75,Electronic check,No,No,No,Targeted retention offer | New-customer onboarding support | Encourage automatic payment | Offer technical support | Offer online security service | Offer longer-term contract
64.19,High,15,Month-to-month,Fiber optic,84.3,Electronic check,No,No,No,Targeted retention offer | Review pricing / offer suitable plan | Encourage automatic payment | Offer technical support | Offer online security service | Offer longer-term contract
64.14,High,6,Month-to-month,Fiber optic,73.85,Mailed check,No,No,No,Targeted retention offer | New-customer onboarding support | Review pricing / offer suitable plan | Offer technical support | Offer online security service | Offer longer-term contract
63.97,High,1,Month-to-month,DSL,25.05,Electronic check,No,No,No,Targeted retention offer | New-customer onboarding support | Encourage automatic payment | Offer technical support | Offer online security service | Offer longer-term contract
63.83,High,2,Month-to-month,Fiber optic,80.55,Electronic check,No,No,No,Targeted retention offer | New-customer onboarding support | Review pricing / offer suitable plan | Encourage automatic payment | Offer technical support | Offer online security service | Offer longer-term contract
63.8,High,1,Month-to-month,DSL,48.6,Electronic check,No,No,No,Targeted retention offer | New-customer onboarding support | Encourage automatic payment | Offer technical support | Offer online security service | Offer longer-term contract
63.69,High,3,Month-to-month,Fiber optic,70.15,Electronic check,No,No,No,Targeted retention offer | New-customer onboarding support | Review pricing / offer suitable plan | Encourage automatic payment | Offer technical support | Offer online security service | Offer longer-term contract
63.2,High,2,Month-to-month,Fiber optic,74.4,Electronic check,Yes,No,No,Targeted retention offer | New-customer onboarding support | Review pricing / offer suitable plan | Encourage automatic payment | Offer technical support | Offer longer-term contract
63.18,High,21,Month-to-month,Fiber optic,99.85,Credit card (automatic),No,No,No,Targeted retention offer | Review pricing / offer suitable plan | Offer technical support | Offer online security service | Offer longer-term contract
63.16,High,16,Month-to-month,Fiber optic,75.4,Electronic check,No,No,No,Targeted retention offer | Review pricing / offer suitable plan | Encourage automatic payment | Offer technical support | Offer online security service | Offer longer-term contract
63.12,High,3,Month-to-month,Fiber optic,90.7,Mailed check,No,No,No,Targeted retention offer | New-customer onboarding support | Review pricing / offer suitable plan | Offer technical support | Offer online security service | Offer longer-term contract
63.02,High,11,Month-to-month,Fiber optic,84.8,Credit card (automatic),No,No,No,Targeted retention offer | Review pricing / offer suitable plan | Offer technical support | Offer online security service | Offer longer-term contract
62.81,High,49,Month-to-month,Fiber optic,99.8,Electronic check,No,No,No,Targeted retention offer | Review pricing / offer suitable plan | Encourage automatic payment | Offer technical support | Offer online security service | Offer longer-term contract
62.69,High,3,Month-to-month,Fiber optic,83.75,Electronic check,No,No,No,Targeted retention offer | New-customer onboarding support | Review pricing / offer suitable plan | Encourage automatic payment | Offer technical support | Offer online security service | Offer longer-term contract
62.64,High,6,Month-to-month,Fiber optic,85.95,Mailed check,No,No,No,Targeted retention offer | New-customer onboarding support | Review pricing / offer suitable plan | Offer technical support | Offer online security service | Offer longer-term contract
62.57,High,6,Month-to-month,Fiber optic,80.5,Credit card (automatic),No,No,No,Targeted retention offer | New-customer onboarding support | Review pricing / offer suitable plan | Offer technical support | Offer online security service | Offer longer-term contract
62.53,High,6,Month-to-month,Fiber optic,83.9,Electronic check,No,No,No,Targeted retention offer | New-customer onboarding support | Review pricing / offer suitable plan | Encourage automatic payment | Offer technical support | Offer online security service | Offer longer-term contract
62.51,High,13,Month-to-month,Fiber optic,96.65,Electronic check,Yes,No,No,Targeted retention offer | Review pricing / offer suitable plan | Encourage automatic payment | Offer technical support | Offer longer-term contract
62.48,High,7,Month-to-month,Fiber optic,74.9,Electronic check,No,No,No,Targeted retention offer | Review pricing / offer suitable plan | Encourage automatic payment | Offer technical support | Offer online security service | Offer longer-term contract
62.48,High,8,Month-to-month,Fiber optic,69.7,Electronic check,No,No,No,Targeted retention offer | Encourage automatic payment | Offer technical support | Offer online security service | Offer longer-term contract
62.46,High,1,Month-to-month,DSL,55.25,Electronic check,No,No,No,Targeted retention offer | New-customer onboarding support | Encourage automatic payment | Offer technical support | Offer online security service | Offer longer-term contract
62.44,High,10,Month-to-month,Fiber optic,70.0,Electronic check,No,No,No,Targeted retention offer | Review pricing / offer suitable plan | Encourage automatic payment | Offer technical support | Offer online security service | Offer longer-term contract
62.36,High,38,Month-to-month,Fiber optic,102.6,Electronic check,No,No,No,Targeted retention offer | Review pricing / offer suitable plan | Encourage automatic payment | Offer technical support | Offer online security service | Offer longer-term contract
62.05,High,3,Month-to-month,Fiber optic,89.85,Mailed check,No,Yes,No,Targeted retention offer | New-customer onboarding support | Review pricing / offer suitable plan | Offer online security service | Offer longer-term contract
61.97,High,7,Month-to-month,Fiber optic,75.1,Bank transfer (automatic),No,No,No,Targeted retention offer | Review pricing / offer suitable plan | Offer technical support | Offer online security service | Offer longer-term contract
61.67,High,26,Month-to-month,Fiber optic,98.1,Bank transfer (automatic),No,No,No,Targeted retention offer | Review pricing / offer suitable plan | Offer technical support | Offer online security service | Offer longer-term contract
61.49,High,1,Month-to-month,DSL,55.4,Electronic check,No,No,No,Targeted retention offer | New-customer onboarding support | Encourage automatic payment | Offer technical support | Offer online security service | Offer longer-term contract
61.31,High,13,Month-to-month,Fiber optic,94.1,Electronic check,No,No,No,Targeted retention offer | Review pricing / offer suitable plan | Encourage automatic payment | Offer technical support | Offer online security service | Offer longer-term contract
61.27,High,25,Month-to-month,Fiber optic,95.9,Electronic check,No,No,No,Targeted retention offer | Review pricing / offer suitable plan | Encourage automatic payment | Offer technical support | Offer online security service | Offer longer-term contract
60.95,High,23,Month-to-month,Fiber optic,93.5,Electronic check,No,No,No,Targeted retention offer | Review pricing / offer suitable plan | Encourage automatic payment | Offer technical support | Offer online security service | Offer longer-term contract
60.86,High,5,Month-to-month,Fiber optic,69.95,Electronic check,No,No,No,Targeted retention offer | New-customer onboarding support | Encourage automatic payment | Offer technical support | Offer online security service | Offer longer-term contract
60.73,High,10,Month-to-month,Fiber optic,78.15,Credit card (automatic),Yes,No,No,Targeted retention offer | Review pricing / offer suitable plan | Offer technical support | Offer longer-term contract
60.67,High,53,Month-to-month,Fiber optic,101.9,Electronic check,No,No,No,Targeted retention offer | Review pricing / offer suitable plan | Encourage automatic payment | Offer technical support | Offer online security service | Offer longer-term contract
60.38,High,23,Month-to-month,Fiber optic,90.45,Electronic check,No,No,No,Targeted retention offer | Review pricing / offer suitable plan | Encourage automatic payment | Offer technical support | Offer online security service | Offer longer-term contract
60.38,High,5,Month-to-month,Fiber optic,70.05,Electronic check,No,No,No,Targeted retention offer | New-customer onboarding support | Review pricing / offer suitable plan | Encourage automatic payment | Offer technical support | Offer online security service | Offer longer-term contract
60.21,High,1,Month-to-month,Fiber optic,75.3,Mailed check,Yes,No,No,Targeted retention offer | New-customer onboarding support | Review pricing / offer suitable plan | Offer technical support | Offer longer-term contract
60.19,High,2,Month-to-month,DSL,30.4,Electronic check,No,No,No,Targeted retention offer | New-customer onboarding support | Encourage automatic payment | Offer technical support | Offer online security service | Offer longer-term contract
60.07,High,13,Month-to-month,Fiber optic,74.4,Credit card (automatic),No,No,No,Targeted retention offer | Review pricing / offer suitable plan | Offer technical support | Offer online security service | Offer longer-term contract
60.04,High,4,Month-to-month,Fiber optic,77.85,Electronic check,No,No,No,Targeted retention offer | New-customer onboarding support | Review pricing / offer suitable plan | Encourage automatic payment | Offer technical support | Offer online security service | Offer longer-term contract
